Gregorian Date,Chinese year (Gan-Zhi),Chinese year (Zodiac),Lunar month,Lunar Date
1-Jan-25,甲辰年,龍,十二月,初二
2-Jan-25,甲辰年,龍,十二月,初三
3-Jan-25,甲辰年,龍,十二月,初四
4-Jan-25,甲辰年,龍,十二月,初五
5-Jan-25,甲辰年,龍,十二月,初六
6-Jan-25,甲辰年,龍,十二月,初七
7-Jan-25,甲辰年,龍,十二月,初八
8-Jan-25,甲辰年,龍,十二月,初九
9-Jan-25,甲辰年,龍,十二月,初十
10-Jan-25,甲辰年,龍,十二月,十一
11-Jan-25,甲辰年,龍,十二月,十二
12-Jan-25,甲辰年,龍,十二月,十三
13-Jan-25,甲辰年,龍,十二月,十四
14-Jan-25,甲辰年,龍,十二月,十五
15-Jan-25,甲辰年,龍,十二月,十六
16-Jan-25,甲辰年,龍,十二月,十七
17-Jan-25,甲辰年,龍,十二月,十八
18-Jan-25,甲辰年,龍,十二月,十九
19-Jan-25,甲辰年,龍,十二月,二十
20-Jan-25,甲辰年,龍,十二月,廿一
21-Jan-25,甲辰年,龍,十二月,廿二
22-Jan-25,甲辰年,龍,十二月,廿三
23-Jan-25,甲辰年,龍,十二月,廿四
24-Jan-25,甲辰年,龍,十二月,廿五
25-Jan-25,甲辰年,龍,十二月,廿六
26-Jan-25,甲辰年,龍,十二月,廿七
27-Jan-25,甲辰年,龍,十二月,廿八
28-Jan-25,甲辰年,龍,十二月,廿九
29-Jan-25,乙巳年,蛇,正月,初一
30-Jan-25,乙巳年,蛇,正月,初二
31-Jan-25,乙巳年,蛇,正月,初三
1-Feb-25,乙巳年,蛇,正月,初四
2-Feb-25,乙巳年,蛇,正月,初五
3-Feb-25,乙巳年,蛇,正月,初六
4-Feb-25,乙巳年,蛇,正月,初七
5-Feb-25,乙巳年,蛇,正月,初八
6-Feb-25,乙巳年,蛇,正月,初九
7-Feb-25,乙巳年,蛇,正月,初十
8-Feb-25,乙巳年,蛇,正月,十一
9-Feb-25,乙巳年,蛇,正月,十二
10-Feb-25,乙巳年,蛇,正月,十三
11-Feb-25,乙巳年,蛇,正月,十四
12-Feb-25,乙巳年,蛇,正月,十五
13-Feb-25,乙巳年,蛇,正月,十六
14-Feb-25,乙巳年,蛇,正月,十七
15-Feb-25,乙巳年,蛇,正月,十八
16-Feb-25,乙巳年,蛇,正月,十九
17-Feb-25,乙巳年,蛇,正月,二十
18-Feb-25,乙巳年,蛇,正月,廿一
19-Feb-25,乙巳年,蛇,正月,廿二
20-Feb-25,乙巳年,蛇,正月,廿三
21-Feb-25,乙巳年,蛇,正月,廿四
22-Feb-25,乙巳年,蛇,正月,廿五
23-Feb-25,乙巳年,蛇,正月,廿六
24-Feb-25,乙巳年,蛇,正月,廿七
25-Feb-25,乙巳年,蛇,正月,廿八
26-Feb-25,乙巳年,蛇,正月,廿九
27-Feb-25,乙巳年,蛇,正月,三十
28-Feb-25,乙巳年,蛇,二月,初一
1-Mar-25,乙巳年,蛇,二月,初二
2-Mar-25,乙巳年,蛇,二月,初三
3-Mar-25,乙巳年,蛇,二月,初四
4-Mar-25,乙巳年,蛇,二月,初五
5-Mar-25,乙巳年,蛇,二月,初六
6-Mar-25,乙巳年,蛇,二月,初七
7-Mar-25,乙巳年,蛇,二月,初八
8-Mar-25,乙巳年,蛇,二月,初九
9-Mar-25,乙巳年,蛇,二月,初十
10-Mar-25,乙巳年,蛇,二月,十一
11-Mar-25,乙巳年,蛇,二月,十二
12-Mar-25,乙巳年,蛇,二月,十三
13-Mar-25,乙巳年,蛇,二月,十四
14-Mar-25,乙巳年,蛇,二月,十五
15-Mar-25,乙巳年,蛇,二月,十六
16-Mar-25,乙巳年,蛇,二月,十七
17-Mar-25,乙巳年,蛇,二月,十八
18-Mar-25,乙巳年,蛇,二月,十九
19-Mar-25,乙巳年,蛇,二月,二十
20-Mar-25,乙巳年,蛇,二月,廿一
21-Mar-25,乙巳年,蛇,二月,廿二
22-Mar-25,乙巳年,蛇,二月,廿三
23-Mar-25,乙巳年,蛇,二月,廿四
24-Mar-25,乙巳年,蛇,二月,廿五
25-Mar-25,乙巳年,蛇,二月,廿六
26-Mar-25,乙巳年,蛇,二月,廿七
27-Mar-25,乙巳年,蛇,二月,廿八
28-Mar-25,乙巳年,蛇,二月,廿九
29-Mar-25,乙巳年,蛇,三月,初一
30-Mar-25,乙巳年,蛇,三月,初二
31-Mar-25,乙巳年,蛇,三月,初三
1-Apr-25,乙巳年,蛇,三月,初四
2-Apr-25,乙巳年,蛇,三月,初五
3-Apr-25,乙巳年,蛇,三月,初六
4-Apr-25,乙巳年,蛇,三月,初七
5-Apr-25,乙巳年,蛇,三月,初八
6-Apr-25,乙巳年,蛇,三月,初九
7-Apr-25,乙巳年,蛇,三月,初十
8-Apr-25,乙巳年,蛇,三月,十一
9-Apr-25,乙巳年,蛇,三月,十二
10-Apr-25,乙巳年,蛇,三月,十三
11-Apr-25,乙巳年,蛇,三月,十四
12-Apr-25,乙巳年,蛇,三月,十五
13-Apr-25,乙巳年,蛇,三月,十六
14-Apr-25,乙巳年,蛇,三月,十七
15-Apr-25,乙巳年,蛇,三月,十八
16-Apr-25,乙巳年,蛇,三月,十九
17-Apr-25,乙巳年,蛇,三月,二十
18-Apr-25,乙巳年,蛇,三月,廿一
19-Apr-25,乙巳年,蛇,三月,廿二
20-Apr-25,乙巳年,蛇,三月,廿三
21-Apr-25,乙巳年,蛇,三月,廿四
22-Apr-25,乙巳年,蛇,三月,廿五
23-Apr-25,乙巳年,蛇,三月,廿六
24-Apr-25,乙巳年,蛇,三月,廿七
25-Apr-25,乙巳年,蛇,三月,廿八
26-Apr-25,乙巳年,蛇,三月,廿九
27-Apr-25,乙巳年,蛇,三月,三十
28-Apr-25,乙巳年,蛇,四月,初一
29-Apr-25,乙巳年,蛇,四月,初二
30-Apr-25,乙巳年,蛇,四月,初三
1-May-25,乙巳年,蛇,四月,初四
2-May-25,乙巳年,蛇,四月,初五
3-May-25,乙巳年,蛇,四月,初六
4-May-25,乙巳年,蛇,四月,初七
5-May-25,乙巳年,蛇,四月,初八
6-May-25,乙巳年,蛇,四月,初九
7-May-25,乙巳年,蛇,四月,初十
8-May-25,乙巳年,蛇,四月,十一
9-May-25,乙巳年,蛇,四月,十二
10-May-25,乙巳年,蛇,四月,十三
11-May-25,乙巳年,蛇,四月,十四
12-May-25,乙巳年,蛇,四月,十五
13-May-25,乙巳年,蛇,四月,十六
14-May-25,乙巳年,蛇,四月,十七
15-May-25,乙巳年,蛇,四月,十八
16-May-25,乙巳年,蛇,四月,十九
17-May-25,乙巳年,蛇,四月,二十
18-May-25,乙巳年,蛇,四月,廿一
19-May-25,乙巳年,蛇,四月,廿二
20-May-25,乙巳年,蛇,四月,廿三
21-May-25,乙巳年,蛇,四月,廿四
22-May-25,乙巳年,蛇,四月,廿五
23-May-25,乙巳年,蛇,四月,廿六
24-May-25,乙巳年,蛇,四月,廿七
25-May-25,乙巳年,蛇,四月,廿八
26-May-25,乙巳年,蛇,四月,廿九
27-May-25,乙巳年,蛇,五月,初一
28-May-25,乙巳年,蛇,五月,初二
29-May-25,乙巳年,蛇,五月,初三
30-May-25,乙巳年,蛇,五月,初四
31-May-25,乙巳年,蛇,五月,初五
1-Jun-25,乙巳年,蛇,五月,初六
2-Jun-25,乙巳年,蛇,五月,初七
3-Jun-25,乙巳年,蛇,五月,初八
4-Jun-25,乙巳年,蛇,五月,初九
5-Jun-25,乙巳年,蛇,五月,初十
6-Jun-25,乙巳年,蛇,五月,十一
7-Jun-25,乙巳年,蛇,五月,十二
8-Jun-25,乙巳年,蛇,五月,十三
9-Jun-25,乙巳年,蛇,五月,十四
10-Jun-25,乙巳年,蛇,五月,十五
11-Jun-25,乙巳年,蛇,五月,十六
12-Jun-25,乙巳年,蛇,五月,十七
13-Jun-25,乙巳年,蛇,五月,十八
14-Jun-25,乙巳年,蛇,五月,十九
15-Jun-25,乙巳年,蛇,五月,二十
16-Jun-25,乙巳年,蛇,五月,廿一
17-Jun-25,乙巳年,蛇,五月,廿二
18-Jun-25,乙巳年,蛇,五月,廿三
19-Jun-25,乙巳年,蛇,五月,廿四
20-Jun-25,乙巳年,蛇,五月,廿五
21-Jun-25,乙巳年,蛇,五月,廿六
22-Jun-25,乙巳年,蛇,五月,廿七
23-Jun-25,乙巳年,蛇,五月,廿八
24-Jun-25,乙巳年,蛇,五月,廿九
25-Jun-25,乙巳年,蛇,六月,初一
26-Jun-25,乙巳年,蛇,六月,初二
27-Jun-25,乙巳年,蛇,六月,初三
28-Jun-25,乙巳年,蛇,六月,初四
29-Jun-25,乙巳年,蛇,六月,初五
30-Jun-25,乙巳年,蛇,六月,初六
1-Jul-25,乙巳年,蛇,六月,初七
2-Jul-25,乙巳年,蛇,六月,初八
3-Jul-25,乙巳年,蛇,六月,初九
4-Jul-25,乙巳年,蛇,六月,初十
5-Jul-25,乙巳年,蛇,六月,十一
6-Jul-25,乙巳年,蛇,六月,十二
7-Jul-25,乙巳年,蛇,六月,十三
8-Jul-25,乙巳年,蛇,六月,十四
9-Jul-25,乙巳年,蛇,六月,十五
10-Jul-25,乙巳年,蛇,六月,十六
11-Jul-25,乙巳年,蛇,六月,十七
12-Jul-25,乙巳年,蛇,六月,十八
13-Jul-25,乙巳年,蛇,六月,十九
14-Jul-25,乙巳年,蛇,六月,二十
15-Jul-25,乙巳年,蛇,六月,廿一
16-Jul-25,乙巳年,蛇,六月,廿二
17-Jul-25,乙巳年,蛇,六月,廿三
18-Jul-25,乙巳年,蛇,六月,廿四
19-Jul-25,乙巳年,蛇,六月,廿五
20-Jul-25,乙巳年,蛇,六月,廿六
21-Jul-25,乙巳年,蛇,六月,廿七
22-Jul-25,乙巳年,蛇,六月,廿八
23-Jul-25,乙巳年,蛇,六月,廿九
24-Jul-25,乙巳年,蛇,六月,三十
25-Jul-25,乙巳年,蛇,閏六月,初一
26-Jul-25,乙巳年,蛇,閏六月,初二
27-Jul-25,乙巳年,蛇,閏六月,初三
28-Jul-25,乙巳年,蛇,閏六月,初四
29-Jul-25,乙巳年,蛇,閏六月,初五
30-Jul-25,乙巳年,蛇,閏六月,初六
31-Jul-25,乙巳年,蛇,閏六月,初七
1-Aug-25,乙巳年,蛇,閏六月,初八
2-Aug-25,乙巳年,蛇,閏六月,初九
3-Aug-25,乙巳年,蛇,閏六月,初十
4-Aug-25,乙巳年,蛇,閏六月,十一
5-Aug-25,乙巳年,蛇,閏六月,十二
6-Aug-25,乙巳年,蛇,閏六月,十三
7-Aug-25,乙巳年,蛇,閏六月,十四
8-Aug-25,乙巳年,蛇,閏六月,十五
9-Aug-25,乙巳年,蛇,閏六月,十六
10-Aug-25,乙巳年,蛇,閏六月,十七
11-Aug-25,乙巳年,蛇,閏六月,十八
12-Aug-25,乙巳年,蛇,閏六月,十九
13-Aug-25,乙巳年,蛇,閏六月,二十
14-Aug-25,乙巳年,蛇,閏六月,廿一
15-Aug-25,乙巳年,蛇,閏六月,廿二
16-Aug-25,乙巳年,蛇,閏六月,廿三
17-Aug-25,乙巳年,蛇,閏六月,廿四
18-Aug-25,乙巳年,蛇,閏六月,廿五
19-Aug-25,乙巳年,蛇,閏六月,廿六
20-Aug-25,乙巳年,蛇,閏六月,廿七
21-Aug-25,乙巳年,蛇,閏六月,廿八
22-Aug-25,乙巳年,蛇,閏六月,廿九
23-Aug-25,乙巳年,蛇,七月,初一
24-Aug-25,乙巳年,蛇,七月,初二
25-Aug-25,乙巳年,蛇,七月,初三
26-Aug-25,乙巳年,蛇,七月,初四
27-Aug-25,乙巳年,蛇,七月,初五
28-Aug-25,乙巳年,蛇,七月,初六
29-Aug-25,乙巳年,蛇,七月,初七
30-Aug-25,乙巳年,蛇,七月,初八
31-Aug-25,乙巳年,蛇,七月,初九
1-Sep-25,乙巳年,蛇,七月,初十
2-Sep-25,乙巳年,蛇,七月,十一
3-Sep-25,乙巳年,蛇,七月,十二
4-Sep-25,乙巳年,蛇,七月,十三
5-Sep-25,乙巳年,蛇,七月,十四
6-Sep-25,乙巳年,蛇,七月,十五
7-Sep-25,乙巳年,蛇,七月,十六
8-Sep-25,乙巳年,蛇,七月,十七
9-Sep-25,乙巳年,蛇,七月,十八
10-Sep-25,乙巳年,蛇,七月,十九
11-Sep-25,乙巳年,蛇,七月,二十
12-Sep-25,乙巳年,蛇,七月,廿一
13-Sep-25,乙巳年,蛇,七月,廿二
14-Sep-25,乙巳年,蛇,七月,廿三
15-Sep-25,乙巳年,蛇,七月,廿四
16-Sep-25,乙巳年,蛇,七月,廿五
17-Sep-25,乙巳年,蛇,七月,廿六
18-Sep-25,乙巳年,蛇,七月,廿七
19-Sep-25,乙巳年,蛇,七月,廿八
20-Sep-25,乙巳年,蛇,七月,廿九
21-Sep-25,乙巳年,蛇,七月,三十
22-Sep-25,乙巳年,蛇,八月,初一
23-Sep-25,乙巳年,蛇,八月,初二
24-Sep-25,乙巳年,蛇,八月,初三
25-Sep-25,乙巳年,蛇,八月,初四
26-Sep-25,乙巳年,蛇,八月,初五
27-Sep-25,乙巳年,蛇,八月,初六
28-Sep-25,乙巳年,蛇,八月,初七
29-Sep-25,乙巳年,蛇,八月,初八
30-Sep-25,乙巳年,蛇,八月,初九
1-Oct-25,乙巳年,蛇,八月,初十
2-Oct-25,乙巳年,蛇,八月,十一
3-Oct-25,乙巳年,蛇,八月,十二
4-Oct-25,乙巳年,蛇,八月,十三
5-Oct-25,乙巳年,蛇,八月,十四
6-Oct-25,乙巳年,蛇,八月,十五
7-Oct-25,乙巳年,蛇,八月,十六
8-Oct-25,乙巳年,蛇,八月,十七
9-Oct-25,乙巳年,蛇,八月,十八
10-Oct-25,乙巳年,蛇,八月,十九
11-Oct-25,乙巳年,蛇,八月,二十
12-Oct-25,乙巳年,蛇,八月,廿一
13-Oct-25,乙巳年,蛇,八月,廿二
14-Oct-25,乙巳年,蛇,八月,廿三
15-Oct-25,乙巳年,蛇,八月,廿四
16-Oct-25,乙巳年,蛇,八月,廿五
17-Oct-25,乙巳年,蛇,八月,廿六
18-Oct-25,乙巳年,蛇,八月,廿七
19-Oct-25,乙巳年,蛇,八月,廿八
20-Oct-25,乙巳年,蛇,八月,廿九
21-Oct-25,乙巳年,蛇,九月,初一
22-Oct-25,乙巳年,蛇,九月,初二
23-Oct-25,乙巳年,蛇,九月,初三
24-Oct-25,乙巳年,蛇,九月,初四
25-Oct-25,乙巳年,蛇,九月,初五
26-Oct-25,乙巳年,蛇,九月,初六
27-Oct-25,乙巳年,蛇,九月,初七
28-Oct-25,乙巳年,蛇,九月,初八
29-Oct-25,乙巳年,蛇,九月,初九
30-Oct-25,乙巳年,蛇,九月,初十
31-Oct-25,乙巳年,蛇,九月,十一
1-Nov-25,乙巳年,蛇,九月,十二
2-Nov-25,乙巳年,蛇,九月,十三
3-Nov-25,乙巳年,蛇,九月,十四
4-Nov-25,乙巳年,蛇,九月,十五
5-Nov-25,乙巳年,蛇,九月,十六
6-Nov-25,乙巳年,蛇,九月,十七
7-Nov-25,乙巳年,蛇,九月,十八
8-Nov-25,乙巳年,蛇,九月,十九
9-Nov-25,乙巳年,蛇,九月,二十
10-Nov-25,乙巳年,蛇,九月,廿一
11-Nov-25,乙巳年,蛇,九月,廿二
12-Nov-25,乙巳年,蛇,九月,廿三
13-Nov-25,乙巳年,蛇,九月,廿四
14-Nov-25,乙巳年,蛇,九月,廿五
15-Nov-25,乙巳年,蛇,九月,廿六
16-Nov-25,乙巳年,蛇,九月,廿七
17-Nov-25,乙巳年,蛇,九月,廿八
18-Nov-25,乙巳年,蛇,九月,廿九
19-Nov-25,乙巳年,蛇,九月,三十
20-Nov-25,乙巳年,蛇,十月,初一
21-Nov-25,乙巳年,蛇,十月,初二
22-Nov-25,乙巳年,蛇,十月,初三
23-Nov-25,乙巳年,蛇,十月,初四
24-Nov-25,乙巳年,蛇,十月,初五
25-Nov-25,乙巳年,蛇,十月,初六
26-Nov-25,乙巳年,蛇,十月,初七
27-Nov-25,乙巳年,蛇,十月,初八
28-Nov-25,乙巳年,蛇,十月,初九
29-Nov-25,乙巳年,蛇,十月,初十
30-Nov-25,乙巳年,蛇,十月,十一
1-Dec-25,乙巳年,蛇,十月,十二
2-Dec-25,乙巳年,蛇,十月,十三
3-Dec-25,乙巳年,蛇,十月,十四
4-Dec-25,乙巳年,蛇,十月,十五
5-Dec-25,乙巳年,蛇,十月,十六
6-Dec-25,乙巳年,蛇,十月,十七
7-Dec-25,乙巳年,蛇,十月,十八
8-Dec-25,乙巳年,蛇,十月,十九
9-Dec-25,乙巳年,蛇,十月,二十
10-Dec-25,乙巳年,蛇,十月,廿一
11-Dec-25,乙巳年,蛇,十月,廿二
12-Dec-25,乙巳年,蛇,十月,廿三
13-Dec-25,乙巳年,蛇,十月,廿四
14-Dec-25,乙巳年,蛇,十月,廿五
15-Dec-25,乙巳年,蛇,十月,廿六
16-Dec-25,乙巳年,蛇,十月,廿七
17-Dec-25,乙巳年,蛇,十月,廿八
18-Dec-25,乙巳年,蛇,十月,廿九
19-Dec-25,乙巳年,蛇,十月,三十
20-Dec-25,乙巳年,蛇,十一月,初一
21-Dec-25,乙巳年,蛇,十一月,初二
22-Dec-25,乙巳年,蛇,十一月,初三
23-Dec-25,乙巳年,蛇,十一月,初四
24-Dec-25,乙巳年,蛇,十一月,初五
25-Dec-25,乙巳年,蛇,十一月,初六
26-Dec-25,乙巳年,蛇,十一月,初七
27-Dec-25,乙巳年,蛇,十一月,初八
28-Dec-25,乙巳年,蛇,十一月,初九
29-Dec-25,乙巳年,蛇,十一月,初十
30-Dec-25,乙巳年,蛇,十一月,十一
31-Dec-25,乙巳年,蛇,十一月,十二
